api,arguments,return_value,time
GetSystemTimeAsFileTime,,0,1542887948.23425
SetUnhandledExceptionFilter,,0,1542887948.23425
SetErrorMode,32769,32775,1542887948.23425
GetFileAttributesW,C:\Users\mag\AppData\Local\Temp\c3112d2a248acf26da4b5e2f1b1b171f224b38840e2f8eca76afcb21ca871742.dll#8224#C:\Users\mag\AppData\Local\Temp\c3112d2a248acf26da4b5e2f1b1b171f224b38840e2f8eca76afcb21ca871742.dll,8224,1542887948.23425
GetFileAttributesW,C:\Users\mag\AppData\Local\Temp\c3112d2a248acf26da4b5e2f1b1b171f224b38840e2f8eca76afcb21ca871742.dll.manifest#4294967295#C:\Users\mag\AppData\Local\Temp\c3112d2a248acf26da4b5e2f1b1b171f224b38840e2f8eca76afcb21ca871742.dll.manifest,4294967295,1542887948.23425
CreateActCtxW,0x0000000a##,4294967295,1542887948.23425
CreateActCtxW,0x0000000a##,4294967295,1542887948.23425
CreateActCtxW,0x0000000a##,2879484,1542887948.23425
NtClose,0x000000cc,0,1542887948.23425
CreateActCtxW,0x6fa10000##,2889948,1542887948.23425
NtProtectVirtualMemory,64#0#1700#0#0x6fa1e000#0xffffffff#4096#0,0,1542887948.51525
NtProtectVirtualMemory,2#0#1700#0#0x6fa1e000#0xffffffff#4096#0,0,1542887948.51525
NtProtectVirtualMemory,64#0#1700#0#0x77841000#0xffffffff#4096#0,0,1542887948.51525
NtProtectVirtualMemory,32#0#1700#0#0x77841000#0xffffffff#4096#0,0,1542887948.51525
NtProtectVirtualMemory,64#0#1700#0#0x766a1000#0xffffffff#4096#0,0,1542887948.51525
NtProtectVirtualMemory,32#0#1700#0#0x766a1000#0xffffffff#4096#0,0,1542887948.51525
NtProtectVirtualMemory,64#0#1700#0#0x76861000#0xffffffff#4096#0,0,1542887948.51525
NtProtectVirtualMemory,32#0#1700#0#0x76861000#0xffffffff#4096#0,0,1542887948.51525
NtClose,0x000000d0,0,1542887948.51525
NtClose,0x000000d4,0,1542887948.51525
GetNativeSystemInfo,1,0,1542887948.51525
GetSystemTimeAsFileTime,,0,1542887948.51525
LdrGetDllHandle,0x760b0000#0#kernel32.dll,0,1542887948.51525
LdrGetProcedureAddress,0x760b0000#FlsAlloc#kernel32#0x760ff189#0,0,1542887948.51525
LdrGetProcedureAddress,0x760b0000#FlsFree#kernel32#0x7610b7c5#0,0,1542887948.51525
LdrGetProcedureAddress,0x760b0000#FlsGetValue#kernel32#0x76106c4f#0,0,1542887948.51525
LdrGetProcedureAddress,0x760b0000#FlsSetValue#kernel32#0x76106c67#0,0,1542887948.51525
LdrGetProcedureAddress,0x760b0000#InitializeCriticalSectionEx#kernel32#0x760fdd98#0,0,1542887948.51525
LdrGetProcedureAddress,0x760b0000#CreateEventExW#kernel32#0x760b24f0#0,0,1542887948.51525
LdrGetProcedureAddress,0x760b0000#CreateSemaphoreExW#kernel32#0x760e2574#0,0,1542887948.51525
LdrGetProcedureAddress,0x760b0000#SetThreadStackGuarantee#kernel32#0x760f2de4#0,0,1542887948.51525
LdrGetProcedureAddress,0x760b0000#CreateThreadpoolTimer#kernel32#0x760eb636#0,0,1542887948.51525
LdrGetProcedureAddress,0x760b0000#SetThreadpoolTimer#kernel32#0x77a589de#0,0,1542887948.51525
LdrGetProcedureAddress,0x760b0000#WaitForThreadpoolTimerCallbacks#kernel32#0x77a4c04a#0,0,1542887948.51525
LdrGetProcedureAddress,0x760b0000#CloseThreadpoolTimer#kernel32#0x77a4c0f2#0,0,1542887948.51525
LdrGetProcedureAddress,0x760b0000#CreateThreadpoolWait#kernel32#0x760e417d#0,0,1542887948.51525
LdrGetProcedureAddress,0x760b0000#SetThreadpoolWait#kernel32#0x77a58c1b#0,0,1542887948.51525
LdrGetProcedureAddress,0x760b0000#CloseThreadpoolWait#kernel32#0x77a4b587#0,0,1542887948.51525
LdrGetProcedureAddress,0x760b0000#FlushProcessWriteBuffers#kernel32#0x77a75998#0,0,1542887948.51525
LdrGetProcedureAddress,0x760b0000#FreeLibraryWhenCallbackReturns#kernel32#0x77a42261#0,0,1542887948.51525
LdrGetProcedureAddress,0x760b0000#GetCurrentProcessorNumber#kernel32#0x77a42906#0,0,1542887948.51525
LdrGetProcedureAddress,0x760b0000#GetLogicalProcessorInformation#kernel32#0x760e236b#0,0,1542887948.51525
LdrGetProcedureAddress,0x760b0000#CreateSymbolicLinkW#kernel32#0x7613b4a9#0,0,1542887948.51525
LdrGetProcedureAddress,0x760b0000#SetDefaultDllDirectories#kernel32#0x75e247e8#0,0,1542887948.51525
LdrGetProcedureAddress,0x760b0000#EnumSystemLocalesEx#kernel32#0x7613fb7f#0,0,1542887948.51525
LdrGetProcedureAddress,0x760b0000#CompareStringEx#kernel32#0x76111110#0,0,1542887948.51525
LdrGetProcedureAddress,0x760b0000#GetDateFormatEx#kernel32#0x7614f637#0,0,1542887948.51525
LdrGetProcedureAddress,0x760b0000#GetLocaleInfoEx#kernel32#0x760e51e6#0,0,1542887948.51525
LdrGetProcedureAddress,0x760b0000#GetTimeFormatEx#kernel32#0x7614f5b2#0,0,1542887948.51525
LdrGetProcedureAddress,0x760b0000#GetUserDefaultLocaleName#kernel32#0x7613fe4b#0,0,1542887948.51525
LdrGetProcedureAddress,0x760b0000#IsValidLocaleName#kernel32#0x7610dcfc#0,0,1542887948.51525
LdrGetProcedureAddress,0x760b0000#LCMapStringEx#kernel32#0x7613fe5b#0,0,1542887948.51525
LdrGetProcedureAddress,0x760b0000#GetCurrentPackageId#kernel32#0x6fa1e520#0,3221225785,1542887948.51525
LdrGetProcedureAddress,0x760b0000#GetTickCount64#kernel32#0x760ef150#0,0,1542887948.51525
LdrGetProcedureAddress,0x760b0000#GetFileInformationByHandleExW#kernel32#0x6fa1e544#0,3221225785,1542887948.51525
LdrGetProcedureAddress,0x760b0000#SetFileInformationByHandleW#kernel32#0x6fa1e564#0,3221225785,1542887948.51525
NtOpenSection,0x0000000f#0x00000000#Secur32.dll,3221225524,1542887948.53125
NtQueryAttributesFile,C:\Windows\System32\secur32.dll#\??\C:\Windows\System32\Secur32.dll,0,1542887948.53125
NtOpenFile,0x00100021#96#1#C:\Windows\System32\secur32.dll#0x000000d4#5#\??\C:\Windows\System32\Secur32.dll,0,1542887948.53125
NtCreateSection,0x0000000f#0x00000000##0x000000d0#0x000000d4#16,0,1542887948.53125
NtMapViewOfSection,0#0#4##32768#0x000000d0#1700#0x75890000#0#0xffffffff,0,1542887948.53125
NtClose,0x000000d0,0,1542887948.53125
NtClose,0x000000d4,0,1542887948.53125
NtProtectVirtualMemory,4#0#1700#0#0x75891000#0xffffffff#4096#0,0,1542887948.53125
NtProtectVirtualMemory,32#0#1700#0#0x75891000#0xffffffff#4096#0,0,1542887948.53125
NtProtectVirtualMemory,64#0#1700#0#0x75891000#0xffffffff#4096#0,0,1542887948.53125
NtProtectVirtualMemory,32#0#1700#0#0x75891000#0xffffffff#4096#0,0,1542887948.53125
GetSystemTimeAsFileTime,,0,1542887948.53125
NtOpenKey,0x00000008#HKEY_LOCAL_MACHINE\Software\Microsoft\Windows\CurrentVersion\SideBySide\AssemblyStorageRoots#0x00000000,3221225524,1542887948.71925
NtQueryAttributesFile,C:\Windows\System32\rundll32.exe.Local\#\??\C:\Windows\System32\rundll32.exe.Local\,3221225524,1542887948.71925
NtQueryAttributesFile,C:\Windows\winsxs\x86_microsoft.windows.common-controls_6595b64144ccf1df_6.0.7601.17514_none_41e6975e2bd6f2b2#\??\C:\Windows\WinSxS\x86_microsoft.windows.common-controls_6595b64144ccf1df_6.0.7601.17514_none_41e6975e2bd6f2b2,0,1542887948.71925
NtOpenFile,0x00100020#33#1#C:\Windows\winsxs\x86_microsoft.windows.common-controls_6595b64144ccf1df_6.0.7601.17514_none_41e6975e2bd6f2b2#0x0000014c#3#\??\C:\Windows\WinSxS\x86_microsoft.windows.common-controls_6595b64144ccf1df_6.0.7601.17514_none_41e6975e2bd6f2b2,0,1542887948.71925
NtQueryAttributesFile,C:\Windows\winsxs\x86_microsoft.windows.common-controls_6595b64144ccf1df_6.0.7601.17514_none_41e6975e2bd6f2b2\comctl32.dll#\??\C:\Windows\WinSxS\x86_microsoft.windows.common-controls_6595b64144ccf1df_6.0.7601.17514_none_41e6975e2bd6f2b2\comctl32.dll,0,1542887948.71925
NtOpenFile,0x00100021#96#1#C:\Windows\winsxs\x86_microsoft.windows.common-controls_6595b64144ccf1df_6.0.7601.17514_none_41e6975e2bd6f2b2\comctl32.dll#0x00000154#5#\??\C:\Windows\WinSxS\x86_microsoft.windows.common-controls_6595b64144ccf1df_6.0.7601.17514_none_41e6975e2bd6f2b2\comctl32.dll,0,1542887948.71925
NtCreateSection,0x0000000f#0x00000000##0x00000158#0x00000154#16,0,1542887948.71925
NtMapViewOfSection,0#0#4##1695744#0x00000158#1700#0x74c50000#0#0xffffffff,0,1542887948.71925
NtClose,0x00000158,0,1542887948.73425
NtClose,0x00000154,0,1542887948.73425
NtProtectVirtualMemory,4#0#1700#0#0x74c51000#0xffffffff#4096#0,0,1542887948.73425
NtProtectVirtualMemory,32#0#1700#0#0x74c51000#0xffffffff#4096#0,0,1542887948.73425
NtProtectVirtualMemory,64#0#1700#0#0x74c51000#0xffffffff#4096#0,0,1542887948.73425
NtProtectVirtualMemory,32#0#1700#0#0x74c51000#0xffffffff#4096#0,0,1542887948.73425
GetSystemWindowsDirectoryW,C:\Windows,10,1542887948.73425
CreateActCtxW,0x00000000##,2932036,1542887948.73425
LdrGetDllHandle,0x77b70000#0#LPK,0,1542887948.73425
LdrGetProcedureAddress,0x77b70000#LpkEditControl#LPK#0x77b7706c#0,0,1542887948.73425
NtOpenSection,0x0000000f#0x00000000#ntmarta.dll,3221225524,1542887948.79725
NtQueryAttributesFile,C:\Windows\System32\ntmarta.dll#\??\C:\Windows\System32\ntmarta.dll,0,1542887948.79725
NtOpenFile,0x00100021#96#1#C:\Windows\System32\ntmarta.dll#0x0000017c#5#\??\C:\Windows\System32\ntmarta.dll,0,1542887948.79725
NtCreateSection,0x0000000f#0x00000000##0x00000188#0x0000017c#16,0,1542887948.79725
NtMapViewOfSection,0#0#4##135168#0x00000188#1700#0x74420000#0#0xffffffff,0,1542887948.79725
NtClose,0x00000188,0,1542887948.79725
NtClose,0x0000017c,0,1542887948.79725
NtProtectVirtualMemory,4#0#1700#0#0x74421000#0xffffffff#4096#0,0,1542887948.79725
NtOpenSection,0x0000000f#0x0000017c#WLDAP32.dll,0,1542887948.79725
NtMapViewOfSection,0#0#4##282624#0x0000017c#1700#0x777f0000#0#0xffffffff,0,1542887948.79725
NtClose,0x0000017c,0,1542887948.79725
NtProtectVirtualMemory,4#0#1700#0#0x777f1000#0xffffffff#4096#0,0,1542887948.79725
NtProtectVirtualMemory,32#0#1700#0#0x777f1000#0xffffffff#4096#0,0,1542887948.79725
NtProtectVirtualMemory,32#0#1700#0#0x74421000#0xffffffff#4096#0,0,1542887948.79725
NtProtectVirtualMemory,64#0#1700#0#0x74421000#0xffffffff#4096#0,0,1542887948.79725
NtProtectVirtualMemory,32#0#1700#0#0x74421000#0xffffffff#4096#0,0,1542887948.79725
NtProtectVirtualMemory,64#0#1700#0#0x777f1000#0xffffffff#4096#0,0,1542887948.79725
NtProtectVirtualMemory,32#0#1700#0#0x777f1000#0xffffffff#4096#0,0,1542887948.79725
GetSystemTimeAsFileTime,,0,1542887948.79725
GetSystemTimeAsFileTime,,0,1542887948.79725
RegOpenKeyExW,HKEY_LOCAL_MACHINE\System\CurrentControlSet\Services\LDAP#0#0x80000002#0x00020019#0x0000018c#System\CurrentControlSet\Services\LDAP,0,1542887948.79725
RegQueryValueExW,HKEY_LOCAL_MACHINE\SYSTEM\ControlSet001\services\ldap\LdapClientIntegrity#1#0x0000018c#LdapClientIntegrity#4,0,1542887948.79725
RegCloseKey,0x0000018c,0,1542887948.79725
RegOpenKeyExW,HKEY_LOCAL_MACHINE\System\CurrentControlSet\Services\LDAP#0#0x80000002#0x00020019#0x0000018c#System\CurrentControlSet\Services\LDAP,0,1542887948.79725
RegQueryValueExW,HKEY_LOCAL_MACHINE\SYSTEM\ControlSet001\services\ldap\UseOldHostResolutionOrder##0x0000018c#UseOldHostResolutionOrder#0,2,1542887948.79725
RegCloseKey,0x0000018c,0,1542887948.79725
RegOpenKeyExW,HKEY_LOCAL_MACHINE\System\CurrentControlSet\Services\LDAP#0#0x80000002#0x00020019#0x0000018c#System\CurrentControlSet\Services\LDAP,0,1542887948.79725
RegQueryValueExW,HKEY_LOCAL_MACHINE\SYSTEM\ControlSet001\services\ldap\UseHostnameAsAlias##0x0000018c#UseHostnameAsAlias#0,2,1542887948.79725
RegCloseKey,0x0000018c,0,1542887948.79725
NtOpenSection,0x0000000f#0x00000180#WS2_32.dll,0,1542887948.79725
NtMapViewOfSection,0#0#4##217088#0x00000180#1700#0x75f90000#0#0xffffffff,0,1542887948.79725
NtClose,0x00000180,0,1542887948.79725
NtProtectVirtualMemory,4#0#1700#0#0x75f91000#0xffffffff#4096#0,0,1542887948.79725
NtOpenSection,0x0000000f#0x00000180#NSI.dll,0,1542887948.79725
NtMapViewOfSection,0#0#4##24576#0x00000180#1700#0x76240000#0#0xffffffff,0,1542887948.79725
NtClose,0x00000180,0,1542887948.79725
NtProtectVirtualMemory,4#0#1700#0#0x76241000#0xffffffff#4096#0,0,1542887948.79725
NtProtectVirtualMemory,32#0#1700#0#0x76241000#0xffffffff#4096#0,0,1542887948.79725
NtProtectVirtualMemory,32#0#1700#0#0x75f91000#0xffffffff#4096#0,0,1542887948.79725
NtProtectVirtualMemory,64#0#1700#0#0x75f91000#0xffffffff#4096#0,0,1542887948.79725
NtProtectVirtualMemory,32#0#1700#0#0x75f91000#0xffffffff#4096#0,0,1542887948.79725
GetSystemInfo,1,0,1542887948.79725
NtOpenSection,0x0000000f#0x00000000#dnsapi.DLL,3221225524,1542887948.79725
NtQueryAttributesFile,C:\Windows\System32\dnsapi.dll#\??\C:\Windows\System32\dnsapi.DLL,0,1542887948.79725
NtOpenFile,0x00100021#96#1#C:\Windows\System32\dnsapi.dll#0x000001bc#5#\??\C:\Windows\System32\dnsapi.DLL,0,1542887948.79725
NtCreateSection,0x0000000f#0x00000000##0x000001c0#0x000001bc#16,0,1542887948.79725
NtMapViewOfSection,0#0#4##278528#0x000001c0#1700#0x754b0000#0#0xffffffff,0,1542887948.79725
NtClose,0x000001c0,0,1542887948.79725
NtClose,0x000001bc,0,1542887948.79725
NtProtectVirtualMemory,4#0#1700#0#0x754b1000#0xffffffff#4096#0,0,1542887948.79725
NtProtectVirtualMemory,32#0#1700#0#0x754b1000#0xffffffff#4096#0,0,1542887948.79725
NtProtectVirtualMemory,64#0#1700#0#0x754b1000#0xffffffff#4096#0,0,1542887948.79725
NtProtectVirtualMemory,32#0#1700#0#0x754b1000#0xffffffff#4096#0,0,1542887948.79725
NtAllocateVirtualMemory,4#1769472#0#1700#0#0x017a0000#0#8192#0xffffffff,0,1542887948.79725
NtFreeVirtualMemory,0x017a0000#32768#1507328#1700#0xffffffff,0,1542887948.79725
NtAllocateVirtualMemory,4#4096#0#1700#0#0x01910000#0#4096#0xffffffff,0,1542887948.79725
NtOpenSection,0x0000000f#0x00000000#iphlpapi.DLL,3221225524,1542887948.84425
NtQueryAttributesFile,C:\Windows\System32\IPHLPAPI.DLL#\??\C:\Windows\System32\iphlpapi.DLL,0,1542887948.84425
NtOpenFile,0x00100021#96#1#C:\Windows\System32\IPHLPAPI.DLL#0x000001d8#5#\??\C:\Windows\System32\iphlpapi.DLL,0,1542887948.84425
NtCreateSection,0x0000000f#0x00000000##0x000001dc#0x000001d8#16,0,1542887948.84425
NtMapViewOfSection,0#0#4##114688#0x000001dc#1700#0x73e80000#0#0xffffffff,0,1542887948.84425
NtClose,0x000001dc,0,1542887948.85925
NtClose,0x000001d8,0,1542887948.85925
NtProtectVirtualMemory,4#0#1700#0#0x73e81000#0xffffffff#4096#0,0,1542887948.85925
NtOpenSection,0x0000000f#0x00000000#WINNSI.DLL,3221225524,1542887948.85925
NtQueryAttributesFile,C:\Windows\System32\winnsi.dll#\??\C:\Windows\System32\WINNSI.DLL,0,1542887948.85925
NtOpenFile,0x00100021#96#1#C:\Windows\System32\winnsi.dll#0x000001d8#5#\??\C:\Windows\System32\WINNSI.DLL,0,1542887948.85925
NtCreateSection,0x0000000f#0x00000000##0x000001dc#0x000001d8#16,0,1542887948.85925
NtMapViewOfSection,0#0#4##28672#0x000001dc#1700#0x73e70000#0#0xffffffff,0,1542887948.85925
NtClose,0x000001dc,0,1542887948.85925
NtClose,0x000001d8,0,1542887948.85925
NtProtectVirtualMemory,4#0#1700#0#0x73e71000#0xffffffff#4096#0,0,1542887948.85925
NtProtectVirtualMemory,32#0#1700#0#0x73e71000#0xffffffff#4096#0,0,1542887948.85925
NtProtectVirtualMemory,32#0#1700#0#0x73e81000#0xffffffff#4096#0,0,1542887948.85925
NtProtectVirtualMemory,64#0#1700#0#0x73e81000#0xffffffff#4096#0,0,1542887948.85925
NtProtectVirtualMemory,32#0#1700#0#0x73e81000#0xffffffff#4096#0,0,1542887948.85925
NtQueryAttributesFile,C:\Windows\System32\PeerDist.dll#\??\C:\Windows\system32\peerdist.dll,0,1542887948.87525
NtOpenFile,0x00100021#96#1#C:\Windows\System32\PeerDist.dll#0x000001e4#5#\??\C:\Windows\system32\peerdist.dll,0,1542887948.87525
NtCreateSection,0x0000000f#0x00000000##0x000001e8#0x000001e4#16,0,1542887948.87525
NtMapViewOfSection,0#0#4##151552#0x000001e8#1700#0x741e0000#0#0xffffffff,0,1542887948.87525
NtClose,0x000001e8,0,1542887948.87525
NtClose,0x000001e4,0,1542887948.87525
NtProtectVirtualMemory,4#0#1700#0#0x741e1000#0xffffffff#4096#0,0,1542887948.87525
NtOpenSection,0x0000000f#0x00000000#AUTHZ.dll,3221225524,1542887948.87525
NtQueryAttributesFile,C:\Windows\System32\authz.dll#\??\C:\Windows\System32\AUTHZ.dll,0,1542887948.87525
NtOpenFile,0x00100021#96#1#C:\Windows\System32\authz.dll#0x000001e4#5#\??\C:\Windows\System32\AUTHZ.dll,0,1542887948.87525
NtCreateSection,0x0000000f#0x00000000##0x000001e8#0x000001e4#16,0,1542887948.87525
NtMapViewOfSection,0#0#4##110592#0x000001e8#1700#0x75780000#0#0xffffffff,0,1542887948.87525
NtClose,0x000001e8,0,1542887948.89025
NtClose,0x000001e4,0,1542887948.89025
NtProtectVirtualMemory,4#0#1700#0#0x75781000#0xffffffff#4096#0,0,1542887948.89025
NtProtectVirtualMemory,32#0#1700#0#0x75781000#0xffffffff#4096#0,0,1542887948.89025
NtProtectVirtualMemory,32#0#1700#0#0x741e1000#0xffffffff#4096#0,0,1542887948.89025
NtProtectVirtualMemory,64#0#1700#0#0x741e1000#0xffffffff#4096#0,0,1542887948.89025
NtProtectVirtualMemory,32#0#1700#0#0x741e1000#0xffffffff#4096#0,0,1542887948.89025
NtProtectVirtualMemory,64#0#1700#0#0x75781000#0xffffffff#4096#0,0,1542887948.89025
NtProtectVirtualMemory,32#0#1700#0#0x75781000#0xffffffff#4096#0,0,1542887948.89025
GlobalMemoryStatus,,2147483647,1542887948.89025
InternetOpenA,RookIE/1.0###0#0,13369348,1542887948.89025
NtOpenSection,0x0000000f#0x00000000#RASAPI32.dll,3221225524,1542887948.89025
NtQueryAttributesFile,C:\Windows\System32\rasapi32.dll#\??\C:\Windows\System32\RASAPI32.dll,0,1542887948.89025
NtOpenFile,0x00100021#96#1#C:\Windows\System32\rasapi32.dll#0x0000020c#5#\??\C:\Windows\System32\RASAPI32.dll,0,1542887948.89025
NtCreateSection,0x0000000f#0x00000000##0x00000210#0x0000020c#16,0,1542887948.89025
NtMapViewOfSection,0#0#4##335872#0x00000210#1700#0x72b80000#0#0xffffffff,0,1542887948.89025
NtClose,0x00000210,0,1542887948.89025
NtClose,0x0000020c,0,1542887948.89025
NtProtectVirtualMemory,4#0#1700#0#0x72b81000#0xffffffff#4096#0,0,1542887948.89025
NtOpenSection,0x0000000f#0x00000000#rasman.dll,3221225524,1542887948.89025
NtQueryAttributesFile,C:\Windows\System32\rasman.dll#\??\C:\Windows\System32\rasman.dll,0,1542887948.89025
NtOpenFile,0x00100021#96#1#C:\Windows\System32\rasman.dll#0x0000020c#5#\??\C:\Windows\System32\rasman.dll,0,1542887948.89025
NtCreateSection,0x0000000f#0x00000000##0x00000210#0x0000020c#16,0,1542887948.89025
NtMapViewOfSection,0#0#4##86016#0x00000210#1700#0x73f50000#0#0xffffffff,0,1542887948.89025
NtClose,0x00000210,0,1542887948.89025
NtClose,0x0000020c,0,1542887948.89025
NtProtectVirtualMemory,4#0#1700#0#0x73f51000#0xffffffff#4096#0,0,1542887948.89025
NtProtectVirtualMemory,32#0#1700#0#0x73f51000#0xffffffff#4096#0,0,1542887948.89025
NtProtectVirtualMemory,32#0#1700#0#0x72b81000#0xffffffff#4096#0,0,1542887948.89025
NtProtectVirtualMemory,64#0#1700#0#0x72b81000#0xffffffff#4096#0,0,1542887948.89025
NtProtectVirtualMemory,32#0#1700#0#0x72b81000#0xffffffff#4096#0,0,1542887948.89025
NtProtectVirtualMemory,64#0#1700#0#0x73f51000#0xffffffff#4096#0,0,1542887948.89025
NtProtectVirtualMemory,32#0#1700#0#0x73f51000#0xffffffff#4096#0,0,1542887948.89025
LdrGetProcedureAddress,0x72b80000#RasConnectionNotificationW#RASAPI32#0x72b831f5#0,0,1542887948.89025
LdrGetProcedureAddress,0x72b80000#RasDeleteEntryW#RASAPI32#0x72baed30#0,0,1542887948.89025
LdrGetProcedureAddress,0x72b80000#RasDialW#RASAPI32#0x72ba455f#0,0,1542887948.89025
LdrGetProcedureAddress,0x72b80000#RasEnumEntriesW#RASAPI32#0x72b85d85#0,0,1542887948.89025
LdrGetProcedureAddress,0x72b80000#RasEnumConnectionsW#RASAPI32#0x72b874af#0,0,1542887948.89025
LdrGetProcedureAddress,0x72b80000#RasGetAutodialEnableW#RASAPI32#0x72b98c1f#0,0,1542887948.89025
LdrGetProcedureAddress,0x72b80000#RasGetAutodialParamW#RASAPI32#0x72b950bf#0,0,1542887948.89025
LdrGetProcedureAddress,0x72b80000#RasGetConnectStatusW#RASAPI32#0x72b8f8ce#0,0,1542887948.89025
LdrGetProcedureAddress,0x72b80000#RasGetCredentialsW#RASAPI32#0x72b94159#0,0,1542887948.89025
LdrGetProcedureAddress,0x72b80000#RasGetEntryDialParamsW#RASAPI32#0x72b96e43#0,0,1542887948.89025
LdrGetProcedureAddress,0x72b80000#RasGetErrorStringW#RASAPI32#0x72b97680#0,0,1542887948.89025
LdrGetProcedureAddress,0x72b80000#RasGetHport#RASAPI32#0x72b902d0#0,0,1542887948.89025
LdrGetProcedureAddress,0x72b80000#RasGetProjectionInfoW#RASAPI32#0x72b90b0c#0,0,1542887948.89025
LdrGetProcedureAddress,0x72b80000#RasGetSubEntryHandleW#RASAPI32#0x72b93930#0,0,1542887948.89025
LdrGetProcedureAddress,0x72b80000#RasHangUpW#RASAPI32#0x72b91359#0,0,1542887948.89025
LdrGetProcedureAddress,0x72b80000#RasSetAutodialEnableW#RASAPI32#0x72b98a9d#0,0,1542887948.89025
LdrGetProcedureAddress,0x72b80000#RasSetAutodialParamW#RASAPI32#0x72b94faf#0,0,1542887948.89025
LdrGetProcedureAddress,0x72b80000#RasSetCredentialsW#RASAPI32#0x72b944eb#0,0,1542887948.89025
LdrGetProcedureAddress,0x72b80000#RasSetOldPassword#RASAPI32#0x72b91ce0#0,0,1542887948.89025
LdrGetProcedureAddress,0x72b80000#RasGetCountryInfoW#RASAPI32#0x72b920cd#0,0,1542887948.89025
LdrGetProcedureAddress,0x72b80000#RasInvokeEapUI#RASAPI32#0x72b9552f#0,0,1542887948.89025
LdrGetProcedureAddress,0x72b80000#RasSetEapUserDataW#RASAPI32#0x72b95b2c#0,0,1542887948.89025
LdrGetProcedureAddress,0x72b80000#RasGetEntryPropertiesW#RASAPI32#0x72b922f4#0,0,1542887948.89025
LdrGetProcedureAddress,0x72b80000#RasValidateEntryNameW#RASAPI32#0x72b937c5#0,0,1542887948.89025
LdrGetProcedureAddress,0x72b80000#RasWriteSharedPbkOptions#RASAPI32#0x72b977cd#0,0,1542887948.89025
LdrGetProcedureAddress,0x72b80000#RasGetAutodialAddressW#RASAPI32#0x72b87918#0,0,1542887948.89025
LdrGetProcedureAddress,0x72b80000#DwEnumEntryDetails#RASAPI32#0x72b87745#0,0,1542887948.89025
NtCreateMutant,0#0x001f0001#0x00000000#RasPbFile,3221225506,1542887948.89025
NtOpenMutant,0x00100000#0x0000020c#RasPbFile,0,1542887948.89025
NtOpenSection,0x0000000f#0x00000000#rtutils.dll,3221225524,1542887948.89025
NtQueryAttributesFile,C:\Windows\System32\rtutils.dll#\??\C:\Windows\System32\rtutils.dll,0,1542887948.89025
NtOpenFile,0x00100021#96#1#C:\Windows\System32\rtutils.dll#0x00000218#5#\??\C:\Windows\System32\rtutils.dll,0,1542887948.89025
NtCreateSection,0x0000000f#0x00000000##0x0000021c#0x00000218#16,0,1542887948.89025
NtMapViewOfSection,0#0#4##53248#0x0000021c#1700#0x73eb0000#0#0xffffffff,0,1542887948.89025
NtClose,0x0000021c,0,1542887948.89025
NtClose,0x00000218,0,1542887948.89025
NtProtectVirtualMemory,4#0#1700#0#0x73eb1000#0xffffffff#4096#0,0,1542887948.89025
NtProtectVirtualMemory,32#0#1700#0#0x73eb1000#0xffffffff#4096#0,0,1542887948.89025
NtProtectVirtualMemory,64#0#1700#0#0x73eb1000#0xffffffff#4096#0,0,1542887948.89025
NtProtectVirtualMemory,32#0#1700#0#0x73eb1000#0xffffffff#4096#0,0,1542887948.89025
NtOpenSection,0x0000000f#0x00000000#sensapi.dll,3221225524,1542887948.89025
NtQueryAttributesFile,C:\Windows\System32\SensApi.dll#\??\C:\Windows\System32\sensapi.dll,0,1542887948.89025
NtOpenFile,0x00100021#96#1#C:\Windows\System32\SensApi.dll#0x0000023c#5#\??\C:\Windows\System32\sensapi.dll,0,1542887948.89025
NtCreateSection,0x0000000f#0x00000000##0x00000240#0x0000023c#16,0,1542887948.89025
NtMapViewOfSection,0#0#4##24576#0x00000240#1700#0x6c3e0000#0#0xffffffff,0,1542887948.89025
NtClose,0x00000240,0,1542887948.89025
NtClose,0x0000023c,0,1542887948.89025
NtProtectVirtualMemory,4#0#1700#0#0x6c3e1000#0xffffffff#4096#0,0,1542887948.89025
NtProtectVirtualMemory,32#0#1700#0#0x6c3e1000#0xffffffff#4096#0,0,1542887948.89025
NtProtectVirtualMemory,64#0#1700#0#0x6c3e1000#0xffffffff#4096#0,0,1542887948.89025
NtProtectVirtualMemory,32#0#1700#0#0x6c3e1000#0xffffffff#4096#0,0,1542887948.89025
